"id","domain","subdomain","question","conversation_id","turn_number","expected_intent","expected_entity_type","expected_entity_name","expected_output_type","expected_time_scope","expected_behavior","expected_answer_contains","expected_answer_not_contains","expected_result_min","expected_result_max","ambiguity_expected","zero_result_allowed","priority","notes"
"AC-001","members","lookup","who is Joseph Varghese","","","person_search","member","","records","","PASS","","","","","false","false","P1",""
"AC-002","members","lookup","tell me about Joseph Varghese","","","person_search","member","","records","","PASS","","","","","false","false","P1",""
"AC-003","members","lookup","show Joseph Varghese","","","person_search","member","","records","","PASS","","","","","false","false","P1",""
"AC-004","members","lookup","find Joseph Varghese","","","person_search","member","","records","","PASS","","","","","false","false","P1",""
"AC-005","members","lookup","show me Fr Joseph Varghese","","","person_search","member","","records","","PASS","","","","","false","false","P1",""
"AC-006","members","lookup","show me Fr. Joseph Varghese","","","person_search","member","","records","","PASS","","","","","false","false","P1",""
"AC-007","members","lookup","tell me about Bro Joseph Vadakkel","","","person_search","member","","records","","PASS","","","","","false","false","P1",""
"AC-008","members","lookup","tell me about Bro. Joseph Vadakkel","","","person_search","member","","records","","PASS","","","","","false","false","P1",""
"AC-009","members","profile","what is Joseph Varghese's religious ID","","","member_profile","member","Joseph Varghese","records","","PASS","","","","","false","false","P1",""
"AC-010","members","profile","what qualifications does Joseph Varghese have","","","member_profile","member","Joseph Varghese","records","","PASS","","","","","false","false","P1",""
"AC-011","members","profile","where is Joseph Varghese from","","","member_profile","member","Joseph Varghese","records","","PASS","","","","","false","false","P1",""
"AC-012","members","profile","what is Joseph Varghese's home parish","","","member_profile","member","Joseph Varghese","records","","PASS","","","","","false","false","P1",""
"AC-013","members","profile","which diocese is Joseph Varghese from","","","member_profile","member","Joseph Varghese","records","","PASS","","","","","false","false","P1",""
"AC-014","members","profile","which state is Joseph Varghese from","","","member_profile","member","Joseph Varghese","records","","PASS","","","","","false","false","P1",""
"AC-015","members","profile","which community is Joseph Varghese in","","","member_profile","member","Joseph Varghese","records","","PASS","","","","","false","false","P1",""
"AC-016","members","profile","which ministry is Joseph Varghese in","","","member_profile","member","Joseph Varghese","records","","PASS","","","","","false","false","P1",""
"AC-017","members","profile","profile of Joseph Varghese","","","member_profile","member","Joseph Varghese","records","","PASS","","","","","false","false","P2","Wave 1 safe profile facts"
"AC-018","members","profile","what is Joseph Varghese's date of birth","","","member_profile","member","Joseph Varghese","records","","PASS","","","","","false","false","P2","Wave 1 safe profile facts"
"AC-019","members","profile","when was Joseph Varghese born","","","member_profile","member","Joseph Varghese","records","","PASS","","","","","false","false","P2","Wave 1 safe profile facts"
"AC-020","members","profile","how old is Joseph Varghese","","","member_profile","member","Joseph Varghese","records","","PASS","","","","","false","false","P2","Wave 1 safe profile facts"
"AC-021","members","profile","show Joseph Varghese's email","","","member_profile","member","Joseph Varghese","records","","PASS","","","","","false","false","P2","Wave 3 caller-authorized safe profile contact facts"
"AC-022","members","profile","show Joseph Varghese's phone","","","member_profile","member","Joseph Varghese","records","","PASS","","","","","false","false","P2","Wave 3 caller-authorized safe profile contact facts"
"AC-023","members","profile","show Joseph Varghese's address","","","member_profile","member","Joseph Varghese","records","","PASS","","","","","false","false","P2","Wave 3 caller-authorized safe profile contact facts"
"AC-024","members","profile","what languages does Joseph Varghese speak","","","member_languages","member","Joseph Varghese","records","","PASS","","","","","false","false","P2","Recorded member-language proficiency only"
"AC-025","members","profile","show Joseph Varghese's status","","","member_profile","member","Joseph Varghese","records","","PASS","","","","","false","false","P2","Wave 1 safe profile status"
"AC-026","age_demographics","extreme","who is the oldest","","","member_age_extreme","member","","single","","PASS","","","","","false","false","P0",""
"AC-027","age_demographics","extreme","who is the oldest member","","","member_age_extreme","member","","single","","PASS","","","","","false","false","P0",""
"AC-028","age_demographics","extreme","eldest member","","","member_age_extreme","member","","single","","PASS","","","","","false","false","P0",""
"AC-029","age_demographics","extreme","who is the youngest","","","member_age_extreme","member","","single","","PASS","","","","","false","false","P0",""
"AC-030","age_demographics","extreme","youngest religious","","","member_age_extreme","member","","single","","PASS","","","","","false","false","P0",""
"AC-031","age_demographics","extreme","who was born earliest","","","member_age_extreme","member","","single","","PASS","","","","","false","false","P0",""
"AC-032","age_demographics","filter","who is over 60","","","age_search","member","","records","","PASS","","","","","false","false","P1",""
"AC-033","age_demographics","filter","members above 60","","","age_search","member","","records","","PASS","","","","","false","false","P1",""
"AC-034","age_demographics","filter","who are older than 50","","","age_search","member","","records","","PASS","","","","","false","false","P1",""
"AC-035","age_demographics","filter","who are under 40","","","age_search","member","","records","","PASS","","","","","false","false","P1",""
"AC-036","age_demographics","filter","members below 50","","","age_search","member","","records","","PASS","","","","","false","false","P1",""
"AC-037","age_demographics","filter","who are between 50 and 65 years old","","","age_search","member","","records","","PASS","","","","","false","false","P1",""
"AC-038","age_demographics","filter","members aged between 40 and 60","","","age_search","member","","records","","PASS","","","","","false","false","P1",""
"AC-039","age_demographics","filter","who is exactly 50 years old","","","age_search","member","","records","","PASS","","","","","false","false","P1",""
"AC-040","age_demographics","filter","who are above 70 years old","","","age_search","member","","records","","PASS","","","","","false","false","P1",""
"AC-041","age_demographics","filter","who are above 60 years old","","","age_search","member","","records","","PASS","","","","","false","false","P1",""
"AC-042","age_demographics","filter","who are under 50","","","age_search","member","","records","","PASS","","","","","false","false","P1",""
"AC-043","age_demographics","count","how many members are over 60","","","age_search","","","count","","PASS","","","","","false","false","P1",""
"AC-044","age_demographics","count","how many members are under 40","","","age_search","","","count","","PASS","","","","","false","false","P1",""
"AC-045","age_demographics","count","how many members are between 50 and 65","","","age_search","","","count","","PASS","","","","","false","false","P1",""
"AC-046","current_communities","count","how many communities are there","","","present_state","community","","count","","PASS","","","","","false","false","P1",""
"AC-047","current_communities","count","total communities","","","present_state","community","","count","","PASS","","","","","false","false","P1",""
"AC-048","current_communities","count","number of communities","","","present_state","community","","count","","PASS","","","","","false","false","P1",""
"AC-049","current_communities","count","how many communities do we have","","","present_state","community","","count","","PASS","","","","","false","false","P1",""
"AC-050","current_communities","ranking","largest community","","","community_size_ranking","community","","single","","PASS","","","","","false","false","P0",""
"AC-051","current_communities","ranking","which is the largest community","","","community_size_ranking","community","","single","","PASS","","","","","false","false","P0",""
"AC-052","current_communities","ranking","biggest community","","","community_size_ranking","community","","single","","PASS","","","","","false","false","P0",""
"AC-053","current_communities","ranking","community with most members","","","community_size_ranking","community","","single","","PASS","","","","","false","false","P0",""
"AC-054","current_communities","ranking","which community has the most number","","","community_size_ranking","community","","single","","PASS","","","","","false","false","P0",""
"AC-055","current_communities","ranking","which community has the highest membership","","","community_size_ranking","community","","single","","PASS","","","","","false","false","P0",""
"AC-056","current_communities","ranking","smallest community","","","community_size_ranking","community","","single","","PASS","","","","","false","false","P0",""
"AC-057","current_communities","ranking","which is the smallest community","","","community_size_ranking","community","","single","","PASS","","","","","false","false","P0",""
"AC-058","current_communities","ranking","community with fewest members","","","community_size_ranking","community","","single","","PASS","","","","","false","false","P0",""
"AC-059","current_communities","ranking","which community has minimum strength","","","community_size_ranking","community","","single","","PASS","","","","","false","false","P0",""
"AC-060","current_communities","members","who lives in St Antony Community Kolkata","","","community_membership_history","community","St Antony Community Kolkata","records","","PASS","","","","","false","false","P1",""
"AC-061","current_communities","members","members of St Antony Community Kolkata","","","community_membership_history","community","St Antony Community Kolkata","records","","PASS","","","","","false","false","P1",""
"AC-062","current_communities","members","how many members are in St Antony Community Kolkata","","","community_membership_history","community","St Antony Community Kolkata","records","","PASS","","","","","false","false","P1",""
"AC-063","current_communities","superior","who is the superior of St Antony Community Kolkata","","","community_superior_history","community","","records","","PASS","","","","","false","false","P1",""
"AC-064","current_communities","superior","who leads St Antony Community Kolkata","","","community_superior_history","community","","records","","PASS","","","","","false","false","P1",""
"AC-065","current_communities","browse","list all communities","","","community_directory","community","","records","","PASS","","","","","false","false","P2","Wave 1 authorized active community directory"
"AC-066","current_communities","browse","show communities","","","community_directory","community","","records","","PASS","","","","","false","false","P2","Wave 1 authorized active community directory"
"AC-067","current_communities","browse","where is St Antony Community","","","community_profile","community","St Antony Community","records","","PASS","","","","","false","false","P2","Wave 1 authorized community profile"
"AC-068","current_communities","browse","show St Antony Community","","","community_profile","community","St Antony Community","records","","PASS","","","","","false","false","P2","Wave 1 authorized community profile"
"AC-069","current_communities","browse","tell me about St Antony Community","","","community_profile","community","St Antony Community","records","","PASS","","","","","false","false","P2","Wave 1 authorized community profile"
"AC-070","current_communities","browse","list closed communities","","","community_directory","community","","records","","PASS","","","","","false","false","P2","Wave 2 current closed-state directory; does not claim closure dates"
"AC-071","historical_community","membership","who lived in St Antony Community Kolkata in 2015","","","community_membership_history","community","","records","2015","PASS","","","","","false","false","P0",""
"AC-072","historical_community","membership","who were the members of St Antony Community in 2015","","","community_membership_history","community","","records","2015","PASS","","","","","false","false","P0",""
"AC-073","historical_community","membership","who were the community members of St. Antony Community in 2015","","","community_membership_history","community","","records","2015","PASS","","","","","false","false","P0",""
"AC-074","historical_community","membership","members St Antony community 2015","","","community_membership_history","community","","records","2015","PASS","","","","","false","false","P0",""
"AC-075","historical_community","membership","who lived in St Antony Community kolkota in 2015","","","community_membership_history","community","","records","2015","PASS","","","","","false","false","P0",""
"AC-076","historical_community","membership","how many members were in St Antony Community in 2015","","","community_membership_history","community","","records","2015","PASS","","","","","false","false","P0",""
"AC-077","historical_community","superior","who was the superior of St Antony Community in 2015","","","community_superior_history","community","","records","","PASS","","","","","false","false","P1",""
"AC-078","historical_community","superior","former superiors of St Antony Community","","","community_superior_history","community","","records","","PASS","","","","","false","false","P1",""
"AC-079","historical_community","superior","show superior history of St Antony Community","","","community_superior_history","community","","records","","PASS","","","","","false","false","P1",""
"AC-080","historical_community","movement","community membership in 2010","","","clarification_needed","","","records","2010","CLARIFY","","","","","false","false","P2","Wave 2 safely requires a named community"
"AC-081","historical_community","movement","members between 2010 and 2015","","","clarification_needed","","","records","2010..2015","CLARIFY","","","","","false","false","P2","Wave 2 safely requires a named community"
"AC-082","historical_community","movement","who joined the community in 2015","","","clarification_needed","","","records","2015","CLARIFY","","","","","false","false","P2","Wave 2 safely requires a named community"
"AC-083","historical_community","movement","who left the community in 2015","","","clarification_needed","","","records","2015","CLARIFY","","","","","false","false","P2","Wave 2 safely requires a named community"
"AC-084","historical_community","movement","history of St Antony Community","","","community_history","community","St Antony Community","records","","PASS","","","","","false","false","P2","Wave 2 effective-dated community timeline"
"AC-085","historical_community","movement","how many members were there in 2015","","","clarification_needed","","","count","2015","CLARIFY","","","","","false","false","P2","Missing community scope is rejected with a community clarification"
"AC-086","historical_community","movement","which was the largest community in 2015","","","historical_community_ranking","community","","records","2015","PASS","","","","","false","false","P2","Wave 2 effective-dated historical ranking"
"AC-087","historical_community","movement","community strength in 2010","","","clarification_needed","","","records","2010","CLARIFY","","","","","false","false","P2","Wave 2 safely requires a named community"
"AC-088","historical_community","movement","communities opened in 2015","","","community_lifecycle","community","","records","2015","PASS","","","","","false","false","P2","Recorded OPENED lifecycle events only"
"AC-089","historical_community","movement","communities closed in 2015","","","community_lifecycle","community","","records","2015","PASS","","","","","false","false","P2","Recorded CLOSED lifecycle events only"
"AC-090","historical_community","movement","who transferred from St Antony Community in 2015","","","formal_transfer","community","St Antony Community","records","2015","PASS","","","","","false","false","P2","Confirmed explicit formal-transfer records only; assignment transitions are never substituted"
"AC-091","ministries","assignment","who works at St Antony School","","","ministry_assignment_history","ministry","","records","","PASS","","","","","false","false","P1",""
"AC-092","ministries","assignment","who is assigned to St Antony School","","","ministry_assignment_history","ministry","","records","","PASS","","","","","false","false","P1",""
"AC-093","ministries","assignment","who served at St Antony School","","","ministry_assignment_history","ministry","","records","","PASS","","","","","false","false","P1",""
"AC-094","ministries","assignment","which members worked at St Antony School","","","ministry_assignment_history","ministry","","records","","PASS","","","","","false","false","P1",""
"AC-095","ministries","leadership","who was principal of St Antony School in 2015","","","ministry_leadership_history","ministry","","records","","PASS","","","","","false","false","P1",""
"AC-096","ministries","leadership","who were the principals of St Antony School","","","ministry_leadership_history","ministry","","records","","PASS","","","","","false","false","P1",""
"AC-097","ministries","leadership","show principal history for St Antony School","","","ministry_leadership_history","ministry","","records","","PASS","","","","","false","false","P1",""
"AC-098","ministries","member_history","ministry history of Joseph Varghese","","","member_history","member","Joseph Varghese","records","","PASS","","","","","false","false","P1",""
"AC-099","ministries","member_history","where has Joseph Varghese served","","","member_history","member","Joseph Varghese","records","","PASS","","","","","false","false","P1",""
"AC-100","ministries","member_history","where did Joseph Varghese serve in 2010","","","member_historical_location","member","Joseph Varghese","records","2010","PASS","","","","","false","false","P1",""
"AC-101","ministries","location","who is currently serving in Kerala","","","current_location_search","member","","records","","PASS","","","","","false","false","P1",""
"AC-102","ministries","location","which members are currently outside India","","","current_location_search","member","","records","","PASS","","","","","false","false","P1",""
"AC-103","ministries","browse","how many ministries are there","","","ministry_directory","ministry","","count","","PASS","","","","","false","false","P2","Wave 1 authorized ministry count"
"AC-104","ministries","browse","list all ministries","","","ministry_directory","ministry","","records","","PASS","","","","","false","false","P2","Wave 1 authorized ministry directory/type filter"
"AC-105","ministries","browse","list schools","","","ministry_directory","ministry","","records","","PASS","","","","","false","false","P2","Wave 1 authorized ministry directory/type filter"
"AC-106","ministries","browse","show parishes","","","ministry_directory","ministry","","records","","PASS","","","","","false","false","P2","Wave 1 authorized ministry directory/type filter"
"AC-107","ministries","browse","show hospitals","","","ministry_directory","ministry","","records","","PASS","","","","","false","false","P2","Wave 1 authorized ministry directory/type filter"
"AC-108","ministries","browse","show formation houses","","","ministry_directory","ministry","","records","","PASS","","","","","false","false","P2","Wave 1 authorized ministry directory/type filter"
"AC-109","ministries","browse","members working in schools","","","ministry_type_staffing","member","","records","","PASS","","","","","false","false","P2","Wave 2 current effective ministry-type staffing"
"AC-110","ministries","browse","members working in parishes","","","ministry_type_staffing","member","","records","","PASS","","","","","false","false","P2","Wave 2 current effective ministry-type staffing"
"AC-111","ministries","browse","how many members are in education ministry","","","ministry_type_staffing","member","","count","","PASS","","","","","false","false","P2","Wave 2 unique current education-ministry member count"
"AC-112","ministries","browse","where is St Antony School","","","ministry_profile","ministry","St Antony School","records","","PASS","","","","","false","false","P2","Wave 1 authorized ministry profile"
"AC-113","ministries","browse","show active schools","","","ministry_directory","ministry","","records","","PASS","","","","","false","false","P2","Wave 1 active ministry type filter"
"AC-114","leadership","current","who is provincial","","","appointment_search","member","","records","","PASS","","","","","false","false","P1",""
"AC-115","leadership","current","who is the provincial","","","appointment_search","member","","records","","PASS","","","","","false","false","P1",""
"AC-116","leadership","current","current provincial","","","appointment_search","member","","records","","PASS","","","","","false","false","P1",""
"AC-117","leadership","current","who is assistant provincial","","","appointment_search","member","","records","","PASS","","","","","false","false","P1",""
"AC-118","leadership","current","who is provincial secretary","","","appointment_search","member","","records","","PASS","","","","","false","false","P1",""
"AC-119","leadership","current","who is secretary","","","appointment_search","member","","records","","PASS","","","","","false","false","P1",""
"AC-120","leadership","current","who are the provincial councillors","","","appointment_search","member","","records","","PASS","","","","","false","false","P1",""
"AC-121","leadership","historical","who was provincial in 2005","","","historical_office_holder","member","","records","","PASS","","","","","false","false","P0",""
"AC-122","leadership","historical","who was the provincial in 2005","","","historical_office_holder","member","","records","","PASS","","","","","false","false","P0",""
"AC-123","leadership","historical","provincial 2005","","","historical_office_holder","member","","records","","PASS","","","","","false","false","P0",""
"AC-124","leadership","historical","who served as provincial during 2005","","","historical_office_holder","member","","records","","PASS","","","","","false","false","P0",""
"AC-125","leadership","historical","who was secretary in 2015","","","historical_office_holder","member","","records","","PASS","","","","","false","false","P0",""
"AC-126","leadership","historical","who was bursar in 2015","","","historical_office_holder","member","","records","","PASS","","","","","false","false","P0",""
"AC-127","leadership","historical","who led the province in 2005","","","historical_office_holder","member","","records","","PASS","","","","","false","false","P0",""
"AC-128","leadership","council","who were the provincial council members in 2020","","","governance_body_membership","governance_body","","records","2020","PASS","","","","","false","false","P0",""
"AC-129","leadership","council","provincial council 2020","","","governance_body_membership","governance_body","","records","2020","PASS","","","","","false","false","P0",""
"AC-130","leadership","council","who was on the provincial council in 2020","","","governance_body_membership","governance_body","","records","2020","PASS","","","","","false","false","P0",""
"AC-131","leadership","council","council members in 2020","","","governance_body_membership","governance_body","","records","2020","PASS","","","","","false","false","P0",""
"AC-132","leadership","council","members of provincial council in 2020","","","governance_body_membership","governance_body","","records","2020","PASS","","","","","false","false","P0",""
"AC-133","leadership","advanced","who is bursar","","","appointment_search","member","","records","","PASS","","","","","false","false","P2","Wave 1 canonical Provincial Bursar aliases"
"AC-134","leadership","advanced","who is provincial treasurer","","","appointment_search","member","","records","","PASS","","","","","false","false","P2","Wave 1 canonical Provincial Bursar aliases"
"AC-135","leadership","advanced","list past provincials","","","leadership_history","member","","records","","PASS","","","","","false","false","P2","Wave 1 effective-dated Provincial history"
"AC-136","leadership","advanced","history of provincials","","","leadership_history","member","","records","","PASS","","","","","false","false","P2","Wave 1 effective-dated Provincial history"
"AC-137","leadership","advanced","who succeeded Thomas Mathew","","","leadership_successor","member","Thomas Mathew","records","","PASS","","","","","false","false","P2","Wave 2 next recorded non-ambiguous Provincial term"
"AC-138","leadership","advanced","how long did Joseph Varghese serve as provincial","","","member_office_tenure","member","Joseph Varghese","records","","PASS","","","","","false","false","P2","Wave 2 effective-dated Provincial tenure"
"AC-139","vocation","first_profession","who made first profession in 1995","","","profession_cohort","member","","records","1995","PASS","","","","","false","true","P0",""
"AC-140","vocation","first_profession","how many made first profession in 1995","","","profession_cohort","","","count","1995","PASS","","","","","false","true","P1",""
"AC-141","vocation","first_profession","who made first vows in 1995","","","profession_cohort","member","","records","1995","PASS","","","","","false","true","P0",""
"AC-142","vocation","first_profession","how many made first vows in 1995","","","profession_cohort","","","count","1995","PASS","","","","","false","true","P1",""
"AC-143","vocation","first_profession","who made temporary profession in 1995","","","profession_cohort","member","","records","1995","PASS","","","","","false","true","P0",""
"AC-144","vocation","first_profession","how many made temporary profession in 1995","","","profession_cohort","","","count","1995","PASS","","","","","false","true","P1",""
"AC-145","vocation","first_profession","who made temporary vows in 1995","","","profession_cohort","member","","records","1995","PASS","","","","","false","true","P0",""
"AC-146","vocation","first_profession","how many made temporary vows in 1995","","","profession_cohort","","","count","1995","PASS","","","","","false","true","P1",""
"AC-147","vocation","final_profession","who made final profession in 2020","","","vocation_cohort","member","","records","2020","PASS","","","","","false","true","P0",""
"AC-148","vocation","final_profession","how many made final profession in 2020","","","vocation_cohort","","","count","2020","PASS","","","","","false","true","P1",""
"AC-149","vocation","final_profession","who made final vows in 2020","","","vocation_cohort","member","","records","2020","PASS","","","","","false","true","P0",""
"AC-150","vocation","final_profession","how many made final vows in 2020","","","vocation_cohort","","","count","2020","PASS","","","","","false","true","P1",""
"AC-151","vocation","final_profession","who made perpetual profession in 2020","","","vocation_cohort","member","","records","2020","PASS","","","","","false","true","P0",""
"AC-152","vocation","final_profession","how many made perpetual profession in 2020","","","vocation_cohort","","","count","2020","PASS","","","","","false","true","P1",""
"AC-153","vocation","final_profession","who made perpetual vows in 2020","","","vocation_cohort","member","","records","2020","PASS","","","","","false","true","P0",""
"AC-154","vocation","final_profession","how many made perpetual vows in 2020","","","vocation_cohort","","","count","2020","PASS","","","","","false","true","P1",""
"AC-155","vocation","ordination","who was ordained in 2010","","","ordination_cohort","member","","records","2010","PASS","","","","","false","true","P0",""
"AC-156","vocation","ordination","how many were ordained in 2010","","","ordination_cohort","","","count","2010","PASS","","","","","false","true","P1",""
"AC-157","vocation","ordination","who made ordination in 2010","","","ordination_cohort","member","","records","2010","PASS","","","","","false","true","P0",""
"AC-158","vocation","ordination","how many made ordination in 2010","","","ordination_cohort","","","count","2010","PASS","","","","","false","true","P1",""
"AC-159","vocation","ordination","who made priestly ordination in 2010","","","ordination_cohort","member","","records","2010","PASS","","","","","false","true","P0",""
"AC-160","vocation","ordination","how many made priestly ordination in 2010","","","ordination_cohort","","","count","2010","PASS","","","","","false","true","P1",""
"AC-161","vocation","member","when did Joseph Varghese make first profession","","","member_history","member","Joseph Varghese","records","","PASS","","","","","false","false","P1",""
"AC-162","vocation","member","when did Joseph Varghese make final profession","","","member_history","member","Joseph Varghese","records","","PASS","","","","","false","false","P1",""
"AC-163","vocation","member","when was Joseph Varghese ordained","","","member_history","member","Joseph Varghese","records","","PASS","","","","","false","false","P1",""
"AC-164","vocation","range","who made first profession between 1990 and 2000","","","profession_cohort","","","records","1990..2000","PASS","","","","","false","false","P1",""
"AC-165","vocation","range","who was ordained between 2000 and 2010","","","ordination_cohort","","","records","2000..2010","PASS","","","","","false","false","P1",""
"AC-166","appointment_history","member","show appointment history of Joseph Varghese","","","member_appointment_history","member","Joseph Varghese","records","","PASS","","","","","false","false","P0",""
"AC-167","appointment_history","member","appointment history Joseph Varghese","","","member_appointment_history","member","Joseph Varghese","records","","PASS","","","","","false","false","P0",""
"AC-168","appointment_history","member","appointments of Joseph Varghese","","","member_appointment_history","member","Joseph Varghese","records","","PASS","","","","","false","false","P0",""
"AC-169","appointment_history","member","what appointments has Joseph Varghese held","","","member_appointment_history","member","Joseph Varghese","records","","PASS","","","","","false","false","P0",""
"AC-170","appointment_history","member","what offices did Joseph Varghese hold","","","member_appointment_history","member","Joseph Varghese","records","","PASS","","","","","false","false","P0",""
"AC-171","appointment_history","location","where is Joseph Varghese now","","","member_current_location","member","Joseph Varghese","records","","PASS","","","","","false","false","P0",""
"AC-172","appointment_history","location","where is Joseph Varghese","","","member_current_location","member","Joseph Varghese","records","","PASS","","","","","false","false","P0",""
"AC-173","appointment_history","location","current assignment of Joseph Varghese","","","member_current_location","member","Joseph Varghese","records","","PASS","","","","","false","false","P0",""
"AC-174","appointment_history","location","where does Joseph Varghese live","","","member_current_location","member","Joseph Varghese","records","","PASS","","","","","false","false","P0",""
"AC-175","appointment_history","location","where is Fr Joseph Varghese assigned","","","member_current_location","member","Joseph Varghese","records","","PASS","","","","","false","false","P0",""
"AC-176","appointment_history","historical_location","where was Joseph Varghese in 2010","","","member_historical_location","member","","records","2010","PASS","","","","","false","false","P1",""
"AC-177","appointment_history","historical_location","which community was Joseph Varghese in during 2010","","","member_historical_location","member","","records","2010","PASS","","","","","false","false","P1",""
"AC-178","appointment_history","historical_location","where did Joseph Varghese serve in 2010","","","member_historical_location","member","","records","2010","PASS","","","","","false","false","P1",""
"AC-179","appointment_history","historical_location","Joseph Varghese location in 2010","","","member_historical_location","member","","records","2010","PASS","","","","","false","false","P1",""
"AC-180","appointment_history","advanced","previous assignment of Joseph Varghese","","","previous_assignment","member","Joseph Varghese","records","","PASS","","","","","false","false","P2","Wave 2 latest completed assignment"
"AC-181","appointment_history","advanced","when was Joseph Varghese provincial","","","member_office_tenure","member","Joseph Varghese","records","","PASS","","","","","false","false","P2","Wave 2 named-member Provincial terms"
"AC-182","appointment_history","advanced","how long was Joseph Varghese provincial","","","member_office_tenure","member","Joseph Varghese","records","","PASS","","","","","false","false","P2","Wave 2 named-member Provincial terms"
"AC-183","appointment_history","advanced","appointments before 2010","","","appointment_period_search","","","records","2010","PASS","","","","","false","false","P2","Wave 2 authorized appointment start-date filter"
"AC-184","appointment_history","advanced","appointments after 2020","","","appointment_period_search","","","records","2020","PASS","","","","","false","false","P2","Wave 2 authorized appointment start-date filter"
"AC-185","appointment_history","advanced","compare appointments of Joseph and Francis","","","member_appointment_comparison","member","","records","","PASS","","","","","false","false","P2","Wave 2 explicitly scoped two-member comparison"
"AC-186","qualifications_eligibility","qualification","who has a masters degree","","","education_qualification_search","member","","records","","PASS","","","","","false","false","P1",""
"AC-187","qualifications_eligibility","qualification","who studied theology","","","education_qualification_search","member","","records","","PASS","","","","","false","false","P1",""
"AC-188","qualifications_eligibility","qualification","who has an M.Ed.","","","education_qualification_search","member","","records","","PASS","","","","","false","false","P1",""
"AC-189","qualifications_eligibility","qualification","who has an M.Th.","","","education_qualification_search","member","","records","","PASS","","","","","false","false","P1",""
"AC-190","qualifications_eligibility","qualification","who studied outside India","","","education_qualification_search","member","","records","","PASS","","","","","false","false","P1",""
"AC-191","qualifications_eligibility","eligibility","who is eligible to be school principal","","","eligibility_search","member","","records","","PASS","","","","","false","false","P1",""
"AC-192","qualifications_eligibility","eligibility","who is eligible for novice master","","","eligibility_search","member","","records","","PASS","","","","","false","false","P1",""
"AC-193","qualifications_eligibility","eligibility","who is eligible to be chaplain","","","eligibility_search","member","","records","","PASS","","","","","false","false","P1",""
"AC-194","qualifications_eligibility","eligibility","show members eligible for principal","","","eligibility_search","member","","records","","PASS","","","","","false","false","P1",""
"AC-195","qualifications_eligibility","decision_boundary","who should we appoint as Provincial","","","decision_boundary","","","records","","UNSUPPORTED","","recommend","","","false","false","P0",""
"AC-196","qualifications_eligibility","decision_boundary","who is the best candidate for principal","","","decision_boundary","","","records","","UNSUPPORTED","","recommend","","","false","false","P0",""
"AC-197","qualifications_eligibility","advanced","who has theology masters","","","education_qualification_search","member","","records","","PASS","","","","","false","false","P2","Wave 3 normalized qualification aliases"
"AC-198","qualifications_eligibility","advanced","who has formation diploma","","","education_qualification_search","member","","records","","PASS","","","","","false","false","P2","Wave 3 normalized qualification aliases"
"AC-199","qualifications_eligibility","advanced","who has BTh","","","education_qualification_search","member","","records","","PASS","","","","","false","false","P2","Wave 3 normalized qualification aliases"
"AC-200","qualifications_eligibility","advanced","who can be formation director","","","eligibility_search","member","","records","","PASS","","","","","false","false","P2","Wave 3 recorded Formation Director eligibility"
"AC-201","qualifications_eligibility","advanced","which current appointments are compliant","","","appointment_compliance","member","","records","","PASS","","","","","false","false","P2","Wave 3 current appointment compliance summary"
"AC-202","qualifications_eligibility","advanced","show appointment compliance issues","","","appointment_compliance","member","","records","","PASS","","","","","false","false","P2","Wave 3 recorded non-compliance issues only"
"AC-203","aggregations","members","how many members are there now","","","present_state","","","count","","PASS","","","","","false","false","P0",""
"AC-204","aggregations","members","total members","","","present_state","","","count","","PASS","","","","","false","false","P0",""
"AC-205","aggregations","members","current membership","","","present_state","","","count","","PASS","","","","","false","false","P0",""
"AC-206","aggregations","members","congregation strength","","","present_state","","","count","","PASS","","","","","false","false","P1",""
"AC-207","aggregations","members","how many members do we have","","","present_state","","","count","","PASS","","","","","false","false","P1",""
"AC-208","aggregations","communities","how many communities","","","present_state","","","count","","PASS","","","","","false","false","P1",""
"AC-209","aggregations","communities","how many communities are there","","","present_state","","","count","","PASS","","","","","false","false","P1",""
"AC-210","aggregations","communities","total communities","","","present_state","","","count","","PASS","","","","","false","false","P1",""
"AC-211","aggregations","age","how many members over 60","","","age_search","","","count","","PASS","","","","","false","false","P1",""
"AC-212","aggregations","age","how many members under 40","","","age_search","","","count","","PASS","","","","","false","false","P1",""
"AC-213","aggregations","age","how many members between 50 and 65","","","age_search","","","count","","PASS","","","","","false","false","P1",""
"AC-214","aggregations","ranking","which community has most members","","","community_size_ranking","","","single","","PASS","","","","","false","false","P1",""
"AC-215","aggregations","ranking","which community has fewest members","","","community_size_ranking","","","single","","PASS","","","","","false","false","P1",""
"AC-216","aggregations","member_category","how many priests","","","present_state","","","count","","PASS","","","","","false","false","P2","Wave 1 active canonical ecclesiastical-title count"
"AC-217","aggregations","member_category","how many brothers","","","present_state","","","count","","PASS","","","","","false","false","P2","Wave 1 active canonical ecclesiastical-title count"
"AC-218","aggregations","known_gap","how many communities have fewer than 5 members","","","community_size_threshold","","","count","","PASS","","","","","false","false","P2","Current active communities grouped by distinct current active members"
"AC-219","aggregations","known_gap","average age of members","","","member_analytics","","","records","","PASS","","","","","false","false","P2","Current active members with recorded birth dates"
"AC-220","aggregations","known_gap","age distribution","","","member_analytics","","","records","","PASS","","","","","false","false","P2","Stable current-age bands with birth-date coverage disclosed"
"AC-221","aggregations","known_gap","median age","","","member_analytics","","","records","","PASS","","","","","false","false","P2","Current active members with recorded birth dates"
"AC-222","aggregations","known_gap","members by state","","","member_analytics","","","records","","PASS","","","","","false","false","P2","Distinct current active members grouped by recorded native state"
"AC-223","governance","provincial_council","who were council members in 2020","","","governance_body_membership","","","records","2020","PASS","","","","","false","false","P1",""
"AC-224","governance","provincial_council","who served on council in 2020","","","governance_body_membership","","","records","2020","PASS","","","","","false","false","P1",""
"AC-225","governance","current","who are current Provincial Council members","","","appointment_search","","","records","","PASS","","","","","false","false","P1",""
"AC-226","governance","current","who are the provincial councillors","","","appointment_search","","","records","","PASS","","","","","false","false","P1",""
"AC-227","governance","bodies","list governance bodies","","","governance_directory","governance_body","","records","","PASS","","","","","false","false","P2","Caller-authorized active governance body directory"
"AC-228","governance","bodies","show governance bodies","","","governance_directory","governance_body","","records","","PASS","","","","","false","false","P2","Caller-authorized active governance body directory"
"AC-229","governance","bodies","who belongs to education commission","","","governance_body_members","governance_body","education commission","records","","PASS","","","","","false","false","P2","Explicit governance body membership only"
"AC-230","governance","bodies","who belongs to finance commission","","","governance_body_members","governance_body","finance commission","records","","PASS","","","","","false","false","P2","Explicit governance body membership only"
"AC-231","governance","bodies","members of sustainability commission","","","governance_body_members","governance_body","sustainability commission","records","","PASS","","","","","false","false","P2","Explicit governance body membership only"
"AC-232","governance","bodies","who chaired the education commission","","","governance_body_leader","governance_body","education commission","records","","PASS","","","","","false","false","P2","Explicit governance body leadership only"
"AC-233","entity_resolution","community","members of St Antony Community","","","community_membership_history","community","","records","","PASS","","","","","true","false","P1",""
"AC-234","entity_resolution","community","members of St. Antony Community","","","community_membership_history","community","","records","","PASS","","","","","true","false","P1",""
"AC-235","entity_resolution","community","members of st antony community","","","community_membership_history","community","","records","","PASS","","","","","true","false","P1",""
"AC-236","entity_resolution","community","members of St Antony","","","community_membership_history","community","","records","","PASS","","","","","true","false","P1",""
"AC-237","entity_resolution","community","members of St Antony Community Kolkata","","","community_membership_history","community","","records","","PASS","","","","","true","false","P1",""
"AC-238","entity_resolution","community","members of St Antony Community kolkota","","","community_membership_history","community","","records","","PASS","","","","","true","false","P1",""
"AC-239","entity_resolution","member","show Joseph","","","person_search","member","","records","","PASS","","","","","true","false","P1",""
"AC-240","entity_resolution","member","find Fr Joseph","","","person_search","member","","records","","PASS","","","","","true","false","P1",""
"AC-241","entity_resolution","member","find Fr. Joseph","","","person_search","member","","records","","PASS","","","","","true","false","P1",""
"AC-242","entity_resolution","member","find Bro Joseph","","","person_search","member","","records","","PASS","","","","","true","false","P1",""
"AC-243","entity_resolution","member","find Bro. Joseph","","","person_search","member","","records","","PASS","","","","","true","false","P1",""
"AC-244","entity_resolution","clarification","who was the superior of St Antony Community in 2015","","","community_superior_history","","","records","","CLARIFY","","","","","true","false","P1",""
"AC-245","entity_resolution","malformed","St Antony","","","clarification_needed","","","records","","CLARIFY","","","","","false","false","P2","Bare multi-domain entity is clarified, never guessed"
"AC-246","entity_resolution","malformed","Joseph","","","person_search","member","Joseph","records","","CLARIFY","","","","","false","false","P2","Bare person candidate uses the ambiguity-safe person resolver"
"AC-247","entity_resolution","malformed","community","","","clarification_needed","","","records","","CLARIFY","","","","","false","false","P2","Bare domain noun requests a community"
"AC-248","entity_resolution","malformed","member","","","clarification_needed","","","records","","CLARIFY","","","","","false","false","P2","Bare domain noun requests a member"
"AC-249","conversation","follow_up","largest community","A","1","community_size_ranking","community","","records","","PASS","","","","","false","false","P1",""
"AC-250","conversation","follow_up","who is the superior there","A","2","community_superior_history","community","","records","","PASS","","","","","false","false","P1",""
"AC-251","conversation","follow_up","who are its members","A","3","community_membership_history","community","","records","","PASS","","","","","false","false","P1",""
"AC-252","conversation","follow_up","who lived there in 2015","A","4","community_membership_history","community","","records","","PASS","","","","","false","false","P1",""
"AC-253","conversation","follow_up","who is the oldest","B","1","member_age_extreme","member","","records","","PASS","","","","","false","false","P1",""
"AC-254","conversation","follow_up","where is he now","B","2","member_current_location","member","","records","","PASS","","","","","false","false","P1",""
"AC-255","conversation","follow_up","what appointments has he held","B","3","member_appointment_history","member","","records","","PASS","","","","","false","false","P1",""
"AC-256","conversation","follow_up","when did he make final profession","B","4","member_history","member","","records","","PASS","","","","","false","false","P1",""
"AC-257","conversation","follow_up","who was provincial in 2005","C","1","historical_office_holder","member","","records","","PASS","","","","","false","false","P1",""
"AC-258","conversation","follow_up","where is he now","C","2","member_current_location","member","","records","","PASS","","","","","false","false","P1",""
"AC-259","conversation","follow_up","where was he in 2010","C","3","member_historical_location","member","","records","","PASS","","","","","false","false","P1",""
"AC-260","conversation","follow_up","who is over 60","D","1","age_search","member","","records","","PASS","","","","","false","false","P1",""
"AC-261","conversation","follow_up","where is he","D","2","clarification_needed","member","","records","","CLARIFY","","","","","false","false","P1",""
"AC-262","conversation","follow_up","smallest community","E","1","community_size_ranking","community","","records","","PASS","","","","","false","false","P1",""
"AC-263","conversation","follow_up","who is the superior there","E","2","clarification_needed","community","","records","","CLARIFY","","","","","false","false","P1",""
"AC-264","conversation","follow_up","largest community","F","1","community_size_ranking","community","","records","","PASS","","","","","false","false","P1",""
"AC-265","conversation","follow_up","write a homily","F","2","unknown","","","records","","UNSUPPORTED","","","","","false","false","P1",""
"AC-266","conversation","follow_up","who is the superior there","F","3","community_superior_history","community","","records","","PASS","","","","","false","false","P1",""
"AC-267","composed_queries","community","who is the superior of the largest community","","","composed_community_query","community","","records","","PASS","","","","","false","false","P1",""
"AC-268","composed_queries","community","who is superior of the biggest community","","","composed_community_query","community","","records","","PASS","","","","","false","false","P1",""
"AC-269","composed_queries","community","who are the members of the largest community","","","composed_community_query","community","","records","","PASS","","","","","false","false","P1",""
"AC-270","composed_queries","community","how many members are in the largest community","","","composed_community_query","community","","records","","PASS","","","","","false","false","P1",""
"AC-271","composed_queries","community","who lived in the largest community in 2015","","","composed_community_query","community","","records","","PASS","","","","","false","false","P1",""
"AC-272","composed_queries","tie","who is superior of the smallest community","","","composed_community_query","","","records","","CLARIFY","","","","","true","false","P1",""
"AC-273","composed_queries","temporal","which was the largest community in 2015","","","historical_community_ranking","","","records","2015","PASS","","","","","false","false","P1","Historical assignments are deduplicated by member and effective-date overlap"
"AC-274","composed_queries","advanced","where is the superior of the largest community","","","composed_community_query","","","records","","PASS","","","","","false","false","P2","Authorized community ID and superior member ID are passed between stages"
"AC-275","composed_queries","advanced","how old is the superior of the largest community","","","composed_community_query","","","records","","PASS","","","","","false","false","P2","Authorized community ID and superior member ID are passed between stages"
"AC-276","composed_queries","advanced","which ministry has the most members","","","ministry_size_ranking","","","records","","PASS","","","","","false","false","P2","Active ministries ranked by distinct current active members"
"AC-277","negative","safety","who made final profession in 1901","","","vocation_cohort","","","records","","ZERO_RESULT","","","","","false","true","P1","Recognized vocation intent"
"AC-278","negative","safety","who are above 120 years old","","","age_search","","","records","","ZERO_RESULT","","","","","false","true","P1","Recognized age intent"
"AC-279","negative","safety","who was provincial in 1880","","","historical_office_holder","","","records","","ZERO_RESULT","","","","","false","true","P1","Recognized office intent"
"AC-280","negative","safety","what is the weather","","","unknown","","","records","","UNSUPPORTED","","","","","false","false","P1","Outside Communio"
"AC-281","negative","safety","write me a poem","","","unknown","","","records","","UNSUPPORTED","","","","","false","false","P1","Outside Communio"
"AC-282","negative","safety","write a homily for Sunday","","","unknown","","","records","","UNSUPPORTED","","","","","false","false","P1","Outside Communio"
"AC-283","negative","safety","who will be the next Provincial","","","unknown","","","records","","UNSUPPORTED","","","","","false","false","P1","Prediction"
"AC-284","negative","safety","who should we appoint as Provincial","","","decision_boundary","","","records","","UNSUPPORTED","","","","","false","false","P1","Decision boundary"
"AC-285","negative","safety","how many are there","","","clarification_needed","","","records","","CLARIFY","","","","","false","false","P1","Missing domain"
"AC-286","negative","safety","???","","","unknown","","","records","","UNSUPPORTED","","","","","false","false","P1","Malformed"
"AC-287","negative","safety","random purple banana","","","unknown","","","records","","UNSUPPORTED","","","","","false","false","P2","Malformed"
"AC-288","negative","input_validation","","","","unknown","","","records","","UNSUPPORTED","","","","","false","false","P2","Rejected with HTTP 400 by API length validation"
"AC-289","negative","input_validation","?","","","unknown","","","records","","UNSUPPORTED","","","","","false","false","P2","Rejected with HTTP 400 by API length validation"
"AC-290","negative","input_validation","..","","","unknown","","","records","","UNSUPPORTED","","","","","false","false","P2","Rejected with HTTP 400 by API length validation"
"AC-291","negative","input_validation","a","","","unknown","","","records","","UNSUPPORTED","","","","","false","false","P2","Rejected with HTTP 400 by API length validation"
